{
"lengthUnit": "mil",
"remark": [],
"components": {
	"fields": ["COMPONENT_NO", "COMPONENT_NAME", "LAYER", "X_COORDINATE", "Y_COORDINATE", "ANGLE"],
	"rows": [
		[1, "C3", "T", 590, 185, 90],
		[2, "C4", "T", 505, 370, 180],
		[3, "D1", "T", 365, 45, 0],
		[4, "F2", "T", 215, 390, 0],
		[5, "Q1", "T", 368.271, 219.16, 0],
		[6, "R3", "T", 625, 310, 180],
		[7, "R4", "T", 660, 185, 90],
		[8, "PAD1", "T", 80, 295, 0],
		[9, "PAD2", "T", 765, 95, 0],
		[10, "PAD3", "T", 80, 125, 0],
		[11, "PAD4", "T", 765, 335, 0],
		[12, "PAD5", "T", 590, 212.56, 0],
		[13, "PAD6", "T", 590, 157.44, 0],
		[14, "PAD7", "T", 477.44, 370, 0],
		[15, "PAD8", "T", 532.56, 370, 0],
		[16, "PAD9", "T", 411.165, 45, 0],
		[17, "PAD10", "T", 318.835, 45, 0],
		[18, "PAD11", "T", 480.771, 128.61, 0],
		[19, "PAD12", "T", 480.771, 219.16, 0],
		[20, "PAD13", "T", 480.771, 309.71, 0],
		[21, "PAD14", "T", 255.771, 219.16, 0],
		[22, "PAD15", "T", 595.34, 310, 0],
		[23, "PAD16", "T", 654.66, 310, 0],
		[24, "PAD17", "T", 660, 214.66, 0],
		[25, "PAD18", "T", 660, 155.34, 0],
		[26, "PAD19", "T", 158.11, 390, 0],
		[27, "PAD20", "T", 271.89, 390, 0]
	]
},
"pins": {
	"fields": ["PIN_NO", "PIN_NAME", "PIN_X", "PIN_Y", "LAYER", "PIN_TYPE", "NET_NAME", "NET_TYPE", "PAD_SHAPE", "PAD_SIZEX", "PAD_SIZEY", "HOLE_SIZE", "HOLE_LEN", "PAD_ANGLE"],
	"rows": [
		[1, "C3_1", 590, 157.44, "T", "SMD", "BLACK", "", "R", 31.496, 35.433, 0, 0, 90],
		[2, "C3_2", 590, 212.56, "T", "SMD", "$1N1197", "", "R", 31.496, 35.433, 0, 0, 90],
		[3, "C4_1", 532.56, 370, "T", "SMD", "GND", "GND", "R", 31.496, 35.433, 0, 0, 180],
		[4, "C4_2", 477.44, 370, "T", "SMD", "RED", "", "R", 31.496, 35.433, 0, 0, 180],
		[5, "D1_1", 318.835, 45, "T", "SMD", "$1N1197", "", "R", 39.37, 29.528, 0, 0, 0],
		[6, "D1_2", 411.165, 45, "T", "SMD", "BLACK", "", "R", 39.37, 29.528, 0, 0, 0],
		[7, "F2_1", 158.11, 390, "T", "SMD", "$1N1197", "", "R", 46.854, 68.031, 0, 0, 0],
		[8, "F2_2", 271.89, 390, "T", "SMD", "YELLOW", "", "R", 46.854, 68.031, 0, 0, 0],
		[9, "Q1_1", 480.771, 128.61, "T", "SMD", "$1N478", "", "R", 97.047, 41.339, 0, 0, 0],
		[10, "Q1_2", 480.771, 219.16, "T", "SMD", "$1N1197", "", "R", 97.047, 41.339, 0, 0, 0],
		[11, "Q1_3", 480.771, 309.71, "T", "SMD", "RED", "", "R", 97.047, 41.339, 0, 0, 0],
		[12, "Q1_4", 255.771, 219.16, "T", "SMD", "$1N1197", "", "R", 97.047, 139.37, 0, 0, 0],
		[13, "R3_1", 654.66, 310, "T", "SMD", "$1N478", "", "R", 31.751, 34.016, 0, 0, 180],
		[14, "R3_2", 595.34, 310, "T", "SMD", "RED", "", "R", 31.751, 34.016, 0, 0, 180],
		[15, "R4_1", 660, 155.34, "T", "SMD", "WHITE", "", "R", 31.751, 34.016, 0, 0, 90],
		[16, "R4_2", 660, 214.66, "T", "SMD", "$1N478", "", "R", 31.751, 34.016, 0, 0, 90],
		[17, "PAD1_1", 80, 295, "T", "SMD", "GND", "GND", "R", 118.1102, 78.7402, 0, 0, 0],
		[18, "PAD2_1", 765, 95, "T", "SMD", "BLACK", "", "R", 118.1102, 78.7402, 0, 0, 0],
		[19, "PAD3_1", 80, 125, "T", "SMD", "WHITE", "", "R", 118.1102, 78.7402, 0, 0, 0],
		[20, "PAD4_1", 765, 335, "T", "SMD", "YELLOW", "", "R", 118.1102, 78.7402, 0, 0, 0],
		[21, "PAD5_2", 590, 212.56, "T", "SMD", "$1N1197", "", "R", 31.496, 35.433, 0, 0, 90],
		[22, "PAD6_1", 590, 157.44, "T", "SMD", "BLACK", "", "R", 31.496, 35.433, 0, 0, 90],
		[23, "PAD7_2", 477.44, 370, "T", "SMD", "RED", "", "R", 31.496, 35.433, 0, 0, 180],
		[24, "PAD8_1", 532.56, 370, "T", "SMD", "GND", "GND", "R", 31.496, 35.433, 0, 0, 180],
		[25, "PAD9_2", 411.165, 45, "T", "SMD", "BLACK", "", "R", 39.37, 29.528, 0, 0, 0],
		[26, "PAD10_1", 318.835, 45, "T", "SMD", "$1N1197", "", "R", 39.37, 29.528, 0, 0, 0],
		[27, "PAD11_1", 480.771, 128.61, "T", "SMD", "$1N478", "", "R", 97.047, 41.339, 0, 0, 0],
		[28, "PAD12_2", 480.771, 219.16, "T", "SMD", "$1N1197", "", "R", 97.047, 41.339, 0, 0, 0],
		[29, "PAD13_3", 480.771, 309.71, "T", "SMD", "RED", "", "R", 97.047, 41.339, 0, 0, 0],
		[30, "PAD14_4", 255.771, 219.16, "T", "SMD", "$1N1197", "", "R", 97.047, 139.37, 0, 0, 0],
		[31, "PAD15_2", 595.34, 310, "T", "SMD", "RED", "", "R", 31.751, 34.016, 0, 0, 180],
		[32, "PAD16_1", 654.66, 310, "T", "SMD", "$1N478", "", "R", 31.751, 34.016, 0, 0, 180],
		[33, "PAD17_2", 660, 214.66, "T", "SMD", "$1N478", "", "R", 31.751, 34.016, 0, 0, 90],
		[34, "PAD18_1", 660, 155.34, "T", "SMD", "WHITE", "", "R", 31.751, 34.016, 0, 0, 90],
		[35, "PAD19_1", 158.11, 390, "T", "SMD", "$1N1197", "", "R", 46.854, 68.031, 0, 0, 0],
		[36, "PAD20_2", 271.89, 390, "T", "SMD", "YELLOW", "", "R", 46.854, 68.031, 0, 0, 0]
	]
}
}